--------------------------------------------------------
--  Arquivo criado - Sábado-Dezembro-12-2020   
--------------------------------------------------------
Insert into CIDADE (ID,NOME_CIDADE,UF_CIDADE) values ('0','Jacarei','SP');
Insert into CIDADE (ID,NOME_CIDADE,UF_CIDADE) values ('1','Sao Carlos','SP');
commit;
Insert into ENDERECO (ID,CEP,NUMERO,RUA,BAIRRO,COMPLEMENTO) values ('0','12305070','27','Rua Maranhao','Jardim Luiza',null);
Insert into ENDERECO (ID,CEP,NUMERO,RUA,BAIRRO,COMPLEMENTO) values ('1','13570270','539','Alameda das Crisandalias','Cidade Jardim',null);
Insert into ENDERECO (ID,CEP,NUMERO,RUA,BAIRRO,COMPLEMENTO) values ('2','12305270','26','Rua Goias','Jardim Luiza',null);
Insert into ENDERECO (ID,CEP,NUMERO,RUA,BAIRRO,COMPLEMENTO) values ('3','13570070','538','Alameda das Amelias','Cidade Jardim',null);
commit;
Insert into USUARIO (EMAIL,SENHA,CIDADE_ID,ENDERECO_ID,TIPO_USUARIO) values ('joao_usuario_2020@gmail.com','senhadojoao','0','0','PESSOA_FISICA');
Insert into USUARIO (EMAIL,SENHA,CIDADE_ID,ENDERECO_ID,TIPO_USUARIO) values ('fernando_usuario_2020@gmail.com','senhadofernando','0','2','PESSOA_FISICA');
Insert into USUARIO (EMAIL,SENHA,CIDADE_ID,ENDERECO_ID,TIPO_USUARIO) values ('marcelo_usuario_2020@gmail.com','senhadomarcelo','0','0','PESSOA_FISICA');
Insert into USUARIO (EMAIL,SENHA,CIDADE_ID,ENDERECO_ID,TIPO_USUARIO) values ('julio_usuario_2020@gmail.com','senhadojulio','0','0','PESSOA_FISICA');
Insert into USUARIO (EMAIL,SENHA,CIDADE_ID,ENDERECO_ID,TIPO_USUARIO) values ('guilherme_usuario_2020@gmail.com','senhadoguilherme','1','1','PESSOA_FISICA');
Insert into USUARIO (EMAIL,SENHA,CIDADE_ID,ENDERECO_ID,TIPO_USUARIO) values ('igor_usuario_2020@gmail.com','senhadoigor','1','1','PESSOA_FISICA');
Insert into USUARIO (EMAIL,SENHA,CIDADE_ID,ENDERECO_ID,TIPO_USUARIO) values ('pedro_usuario_2019@gmail.com','senhadopedro','1','1','PESSOA_JURIDICA');
Insert into USUARIO (EMAIL,SENHA,CIDADE_ID,ENDERECO_ID,TIPO_USUARIO) values ('kaori_usuario_2019@gmail.com','senhadakaori','1','3','PESSOA_JURIDICA');
commit;
Insert into PESSOA_FISICA (EMAIL_USUARIO_PF,NOME_USUARIO_PF,CPF_USUARIO_PF,RG_USUARIO_PF,TELEFONE_USUARIO_PF) values ('joao_usuario_2020@gmail.com','Joao Silva dos Valetes','56787388951','640005517','12982930699');
Insert into PESSOA_FISICA (EMAIL_USUARIO_PF,NOME_USUARIO_PF,CPF_USUARIO_PF,RG_USUARIO_PF,TELEFONE_USUARIO_PF) values ('fernando_usuario_2020@gmail.com','Fernando Hideki','56787388952','640005518','12982930698');
Insert into PESSOA_FISICA (EMAIL_USUARIO_PF,NOME_USUARIO_PF,CPF_USUARIO_PF,RG_USUARIO_PF,TELEFONE_USUARIO_PF) values ('marcelo_usuario_2020@gmail.com','Marcelo dos Santos','45287388951','530005517','12982930645');
Insert into PESSOA_FISICA (EMAIL_USUARIO_PF,NOME_USUARIO_PF,CPF_USUARIO_PF,RG_USUARIO_PF,TELEFONE_USUARIO_PF) values ('julio_usuario_2020@gmail.com','Julio dos Santos','54387388952','530005518','12982930646');
Insert into PESSOA_FISICA (EMAIL_USUARIO_PF,NOME_USUARIO_PF,CPF_USUARIO_PF,RG_USUARIO_PF,TELEFONE_USUARIO_PF) values ('guilherme_usuario_2020@gmail.com','guilherme costa','05887388952','490005518','13982930676');
Insert into PESSOA_FISICA (EMAIL_USUARIO_PF,NOME_USUARIO_PF,CPF_USUARIO_PF,RG_USUARIO_PF,TELEFONE_USUARIO_PF) values ('igor_usuario_2020@gmail.com','Igor Mena','21787388952','410005518','13982930692');
commit;
Insert into PERFIS (EMAIL_USUARIO_PF,PERFIL) values ('fernando_usuario_2020@gmail.com','DOADOR');
Insert into PERFIS (EMAIL_USUARIO_PF,PERFIL) values ('guilherme_usuario_2020@gmail.com','VOLUNTARIO');
Insert into PERFIS (EMAIL_USUARIO_PF,PERFIL) values ('igor_usuario_2020@gmail.com','VOLUNTARIO');
Insert into PERFIS (EMAIL_USUARIO_PF,PERFIL) values ('joao_usuario_2020@gmail.com','DOADOR');
Insert into PERFIS (EMAIL_USUARIO_PF,PERFIL) values ('julio_usuario_2020@gmail.com','DONATARIO');
Insert into PERFIS (EMAIL_USUARIO_PF,PERFIL) values ('marcelo_usuario_2020@gmail.com','DONATARIO');
commit;
Insert into PESSOA_JURIDICA (EMAIL_USUARIO_PJ,RAZAO_SOCIAL,NOME_FANTASIA,CNPJ_USUARIO_PJ,INSCRICAO_ESTADUAL) values ('pedro_usuario_2019@gmail.com','pedro software LTDA','Pedro softwares','87.709.900/0001-90','22754742');
Insert into PESSOA_JURIDICA (EMAIL_USUARIO_PJ,RAZAO_SOCIAL,NOME_FANTASIA,CNPJ_USUARIO_PJ,INSCRICAO_ESTADUAL) values ('kaori_usuario_2019@gmail.com','kaori software LTDA','Kaori softwares','96.307.380/0001-80','22754763');
commit;
Insert into ADMINISTRADOR (EMAIL_ADM,SENHA_ADM,NOME_ADM,DATA_REGISTRO) values ('bruno_administrador@gmail.com','senhadobruno','Bruno Mitsuo Homma',to_date('13/12/18','DD/MM/RR'));
Insert into ADMINISTRADOR (EMAIL_ADM,SENHA_ADM,NOME_ADM,DATA_REGISTRO) values ('carolina_administradora@gmail.com','senhadacarolina','Carolina Arenas Okawa',to_date('14/11/18','DD/MM/RR'));
commit;
Insert into LIVRO (CODIGO_BARRAS,AUTOR,TITULO,ISBN,EDICAO,CONDICAO,ORIGEM) values ('568754456745','Antoine de Saint-Exupery','O Pequeno Principe','9782070105021','primeira edicao','1','DOADOR');
Insert into LIVRO (CODIGO_BARRAS,AUTOR,TITULO,ISBN,EDICAO,CONDICAO,ORIGEM) values ('568754456721','Miguel de Cervantes','Dom Quixote','9780142437230','quarta edicao','2','DOADOR');
Insert into LIVRO (CODIGO_BARRAS,AUTOR,TITULO,ISBN,EDICAO,CONDICAO,ORIGEM) values ('555444332221','Patrick Rothfuss','O nome do vento','9780756413712','segunda edicao','2','VOLUNTARIO');
Insert into LIVRO (CODIGO_BARRAS,AUTOR,TITULO,ISBN,EDICAO,CONDICAO,ORIGEM) values ('125444332221','Machado de Assis','Dom Casmurro','9788501054111','terceira edicao','3','VOLUNTARIO');
Insert into LIVRO (CODIGO_BARRAS,AUTOR,TITULO,ISBN,EDICAO,CONDICAO,ORIGEM) values ('555444337890','Gaston Leroux','O fantasma da Opera','9781402745805','primeira edicao','1','ADMINISTRADOR');
Insert into LIVRO (CODIGO_BARRAS,AUTOR,TITULO,ISBN,EDICAO,CONDICAO,ORIGEM) values ('655444337897','George Orwell','A revolucao dos bichos','9780582330870','terceira edicao','3','ADMINISTRADOR');
Insert into LIVRO (CODIGO_BARRAS,AUTOR,TITULO,ISBN,EDICAO,CONDICAO,ORIGEM) values ('785444337897','Mario de Andrade','Macunaima','9788500029899','segunda edicao','4','PESSOA_JURIDICA');
Insert into LIVRO (CODIGO_BARRAS,AUTOR,TITULO,ISBN,EDICAO,CONDICAO,ORIGEM) values ('785274337897','Mary Shelley','Frankenstein','9789626340035','quinta edicao','2','PESSOA_JURIDICA');
Insert into LIVRO (CODIGO_BARRAS,AUTOR,TITULO,ISBN,EDICAO,CONDICAO,ORIGEM) values ('568754456747','José de Alencar','Iracema','9788584741861','quarta edicao','2','DOADOR');
Insert into LIVRO (CODIGO_BARRAS,AUTOR,TITULO,ISBN,EDICAO,CONDICAO,ORIGEM) values ('568754456748','Machaço de Assis','Memórias Postumas de Brás Cubas','9788491810612','quarta edicao','2','DOADOR');
Insert into LIVRO (CODIGO_BARRAS,AUTOR,TITULO,ISBN,EDICAO,CONDICAO,ORIGEM) values ('568754456749','Graciliano Ramos','Vidas Secas','9788501119148','quarta edicao','2','DOADOR');
Insert into LIVRO (CODIGO_BARRAS,AUTOR,TITULO,ISBN,EDICAO,CONDICAO,ORIGEM) values ('555444338563','Manuel Antônio de Almeida','Memórias de um Sargento de Milícias','9788538071457','segunda edicao','2','VOLUNTARIO');
Insert into LIVRO (CODIGO_BARRAS,AUTOR,TITULO,ISBN,EDICAO,CONDICAO,ORIGEM) values ('555444338564','Jorge Amado','Capitães da Areia','9788491810445','terceira edicao','3','VOLUNTARIO');
commit;
Insert into BIBLIOTECARIO (CIB,SENHA_BIBLIOTECARIO,NOME_BIBLIOTECARIO,CIDADE_ID,ENDERECO_ID) values ('1254','senhadovaldir','Valdir dos Anjos','0','2');
Insert into BIBLIOTECARIO (CIB,SENHA_BIBLIOTECARIO,NOME_BIBLIOTECARIO,CIDADE_ID,ENDERECO_ID) values ('1365','senhadomarcos','Marcos Marttins','1','3');
commit;
Insert into GRUPO (NOME_GRUPO,TIPO_GRUPO,PONTUACAO_MINIMA,CRIADO_POR) values ('Grandes doadores','DOADOR','50','bruno_administrador@gmail.com');
Insert into GRUPO (NOME_GRUPO,TIPO_GRUPO,PONTUACAO_MINIMA,CRIADO_POR) values ('O melhor voluntariado','VOLUNTARIO','50','carolina_administradora@gmail.com');
Insert into GRUPO (NOME_GRUPO,TIPO_GRUPO,PONTUACAO_MINIMA,CRIADO_POR) values ('Os intelectuais','DONATARIO','50','bruno_administrador@gmail.com');
Insert into GRUPO (NOME_GRUPO,TIPO_GRUPO,PONTUACAO_MINIMA,CRIADO_POR) values ('lalala lelele','DONATARIO','50','bruno_administrador@gmail.com');
Insert into GRUPO (NOME_GRUPO,TIPO_GRUPO,PONTUACAO_MINIMA,CRIADO_POR) values ('lalala','DONATARIO','50','bruno_administrador@gmail.com');
commit;
Insert into TEMPORADA (DATA_INICIAL_TEMP,DURACAO_TEMP) values (to_date('10/12/20','DD/MM/RR'),'15');
Insert into TEMPORADA (DATA_INICIAL_TEMP,DURACAO_TEMP) values (to_date('11/12/20','DD/MM/RR'),'15');
Insert into TEMPORADA (DATA_INICIAL_TEMP,DURACAO_TEMP) values (to_date('10/11/20','DD/MM/RR'),'15');
Insert into TEMPORADA (DATA_INICIAL_TEMP,DURACAO_TEMP) values (to_date('10/02/21','DD/MM/RR'),'15');
commit;
Insert into LIVRO_ADM (CODIGO_BARRAS_LA,EMAIL_ADM) values ('555444337890','bruno_administrador@gmail.com');
Insert into LIVRO_ADM (CODIGO_BARRAS_LA,EMAIL_ADM) values ('655444337897','carolina_administradora@gmail.com');
commit;
Insert into DOADOR (EMAIL_USUARIO_DOADOR,PONTUACAO_DOADOR) values ('joao_usuario_2020@gmail.com','50');
Insert into DOADOR (EMAIL_USUARIO_DOADOR,PONTUACAO_DOADOR) values ('fernando_usuario_2020@gmail.com','70');
commit;
Insert into DONATARIO (EMAIL_USUARIO_DONATARIO,PONTUACAO_DONATARIO) values ('marcelo_usuario_2020@gmail.com','50');
Insert into DONATARIO (EMAIL_USUARIO_DONATARIO,PONTUACAO_DONATARIO) values ('julio_usuario_2020@gmail.com','50');
commit;
Insert into VOLUNTARIO (EMAIL_USUARIO_VOLUNTARIO,PONTUACAO_VOLUNTARIO) values ('guilherme_usuario_2020@gmail.com','80');
Insert into VOLUNTARIO (EMAIL_USUARIO_VOLUNTARIO,PONTUACAO_VOLUNTARIO) values ('igor_usuario_2020@gmail.com','50');
commit;
Insert into LIVRO_DOADOR_PJ (CODIGO_BARRAS_LDPJ,EMAIL_USUARIO_PJ) values ('785444337897','pedro_usuario_2019@gmail.com');
Insert into LIVRO_DOADOR_PJ (CODIGO_BARRAS_LDPJ,EMAIL_USUARIO_PJ) values ('785274337897','kaori_usuario_2019@gmail.com');
commit;
Insert into PERTENCE (NOME_GRUPO,TIPO_GRUPO,TEMPORADA,EMAIL_USUARIO_PF) values ('Grandes doadores','DOADOR',to_date('10/12/20','DD/MM/RR'),'fernando_usuario_2020@gmail.com');
Insert into PERTENCE (NOME_GRUPO,TIPO_GRUPO,TEMPORADA,EMAIL_USUARIO_PF) values ('Grandes doadores','DOADOR',to_date('10/12/20','DD/MM/RR'),'joao_usuario_2020@gmail.com');
Insert into PERTENCE (NOME_GRUPO,TIPO_GRUPO,TEMPORADA,EMAIL_USUARIO_PF) values ('O melhor voluntariado','VOLUNTARIO',to_date('11/12/20','DD/MM/RR'),'guilherme_usuario_2020@gmail.com');
Insert into PERTENCE (NOME_GRUPO,TIPO_GRUPO,TEMPORADA,EMAIL_USUARIO_PF) values ('O melhor voluntariado','VOLUNTARIO',to_date('11/12/20','DD/MM/RR'),'igor_usuario_2020@gmail.com');
Insert into PERTENCE (NOME_GRUPO,TIPO_GRUPO,TEMPORADA,EMAIL_USUARIO_PF) values ('Os intelectuais','DONATARIO',to_date('11/12/20','DD/MM/RR'),'julio_usuario_2020@gmail.com');
Insert into PERTENCE (NOME_GRUPO,TIPO_GRUPO,TEMPORADA,EMAIL_USUARIO_PF) values ('lalala','DONATARIO',to_date('10/02/21','DD/MM/RR'),'julio_usuario_2020@gmail.com');
Insert into PERTENCE (NOME_GRUPO,TIPO_GRUPO,TEMPORADA,EMAIL_USUARIO_PF) values ('lalala lelele','DONATARIO',to_date('10/11/20','DD/MM/RR'),'julio_usuario_2020@gmail.com');
Insert into PERTENCE (NOME_GRUPO,TIPO_GRUPO,TEMPORADA,EMAIL_USUARIO_PF) values ('lalala lelele','DONATARIO',to_date('10/12/20','DD/MM/RR'),'julio_usuario_2020@gmail.com');
commit;
Insert into LIVRO_DOADOR (CODIGO_BARRAS_LD,EMAIL_USUARIO_DOADOR) values ('568754456745','joao_usuario_2020@gmail.com');
Insert into LIVRO_DOADOR (CODIGO_BARRAS_LD,EMAIL_USUARIO_DOADOR) values ('568754456721','fernando_usuario_2020@gmail.com');
Insert into LIVRO_DOADOR (CODIGO_BARRAS_LD,EMAIL_USUARIO_DOADOR) values ('568754456747','fernando_usuario_2020@gmail.com');
Insert into LIVRO_DOADOR (CODIGO_BARRAS_LD,EMAIL_USUARIO_DOADOR) values ('568754456748','fernando_usuario_2020@gmail.com');
Insert into LIVRO_DOADOR (CODIGO_BARRAS_LD,EMAIL_USUARIO_DOADOR) values ('568754456749','fernando_usuario_2020@gmail.com');
commit;
Insert into DOACAO (CODIGO_BARRAS_LD,DATA_HORARIO_DOACAO,PONTUACAO_DOACAO,BIBLIOTECARIO_APROVADOR) values ('568754456745',to_timestamp('17/10/20 00:00:00,000000000','DD/MM/RR HH24:MI:SSXFF'),'30','1254');
Insert into DOACAO (CODIGO_BARRAS_LD,DATA_HORARIO_DOACAO,PONTUACAO_DOACAO,BIBLIOTECARIO_APROVADOR) values ('568754456721',to_timestamp('27/11/20 00:00:00,000000000','DD/MM/RR HH24:MI:SSXFF'),'40','1365');
Insert into DOACAO (CODIGO_BARRAS_LD,DATA_HORARIO_DOACAO,PONTUACAO_DOACAO,BIBLIOTECARIO_APROVADOR) values ('568754456747',to_timestamp('27/11/20 00:00:00,000000000','DD/MM/RR HH24:MI:SSXFF'),'40','1365');
Insert into DOACAO (CODIGO_BARRAS_LD,DATA_HORARIO_DOACAO,PONTUACAO_DOACAO,BIBLIOTECARIO_APROVADOR) values ('568754456748',to_timestamp('27/11/20 00:00:00,000000000','DD/MM/RR HH24:MI:SSXFF'),'40','1365');
Insert into DOACAO (CODIGO_BARRAS_LD,DATA_HORARIO_DOACAO,PONTUACAO_DOACAO,BIBLIOTECARIO_APROVADOR) values ('568754456749',to_timestamp('27/11/20 00:00:00,000000000','DD/MM/RR HH24:MI:SSXFF'),'40','1365');
commit;
Insert into EMPRESTIMO (EMAIL_USUARIO_DONATARIO,CODIGO_BARRAS,DATA_RETIRADA,DATA_DEVOLUCAO,CIB) values ('marcelo_usuario_2020@gmail.com','568754456745',to_date('13/10/20','DD/MM/RR'),to_date('28/10/20','DD/MM/RR'),'1365');
Insert into EMPRESTIMO (EMAIL_USUARIO_DONATARIO,CODIGO_BARRAS,DATA_RETIRADA,DATA_DEVOLUCAO,CIB) values ('julio_usuario_2020@gmail.com','125444332221',to_date('07/10/20','DD/MM/RR'),to_date('12/10/20','DD/MM/RR'),'1365');
commit;
Insert into QUESTAO (EMAIL_USUARIO_DONATARIO,CODIGO_BARRAS,DATA_RETIRADA,NUMERO_IDENTIFICADOR,NIVEL,PERGUNTA,SOLUCAO,PONTUACAO) values ('marcelo_usuario_2020@gmail.com','568754456745',to_date('13/10/20','DD/MM/RR'),'0','1','pergunta','solucao','20');
Insert into QUESTAO (EMAIL_USUARIO_DONATARIO,CODIGO_BARRAS,DATA_RETIRADA,NUMERO_IDENTIFICADOR,NIVEL,PERGUNTA,SOLUCAO,PONTUACAO) values ('julio_usuario_2020@gmail.com','125444332221',to_date('07/10/20','DD/MM/RR'),'1','2','pergunta','solucao','20');
commit;
Insert into LIVRO_VOLUNTARIO (CODIGO_BARRAS_LV,EMAIL_USUARIO_VOLUNTARIO) values ('555444332221','guilherme_usuario_2020@gmail.com');
Insert into LIVRO_VOLUNTARIO (CODIGO_BARRAS_LV,EMAIL_USUARIO_VOLUNTARIO) values ('125444332221','igor_usuario_2020@gmail.com');
Insert into LIVRO_VOLUNTARIO (CODIGO_BARRAS_LV,EMAIL_USUARIO_VOLUNTARIO) values ('555444338563','guilherme_usuario_2020@gmail.com');
Insert into LIVRO_VOLUNTARIO (CODIGO_BARRAS_LV,EMAIL_USUARIO_VOLUNTARIO) values ('555444338564','guilherme_usuario_2020@gmail.com');
commit;
Insert into MISSAO (DATA_HORARIO_MISSAO,CODIGO_BARRAS_LV,PONTUACAO_MISSAO,ADM_APROVADOR) values (to_timestamp('12/12/20 16:20:44,854000000','DD/MM/RR HH24:MI:SSXFF'),'555444332221','30','carolina_administradora@gmail.com');
Insert into MISSAO (DATA_HORARIO_MISSAO,CODIGO_BARRAS_LV,PONTUACAO_MISSAO,ADM_APROVADOR) values (to_timestamp('12/12/20 16:20:44,900000000','DD/MM/RR HH24:MI:SSXFF'),'125444332221','30','carolina_administradora@gmail.com');
Insert into MISSAO (DATA_HORARIO_MISSAO,CODIGO_BARRAS_LV,PONTUACAO_MISSAO,ADM_APROVADOR) values (to_timestamp('12/12/20 19:10:37,198000000','DD/MM/RR HH24:MI:SSXFF'),'555444338563','30','carolina_administradora@gmail.com');
Insert into MISSAO (DATA_HORARIO_MISSAO,CODIGO_BARRAS_LV,PONTUACAO_MISSAO,ADM_APROVADOR) values (to_timestamp('12/12/20 19:10:37,260000000','DD/MM/RR HH24:MI:SSXFF'),'555444338564','30','carolina_administradora@gmail.com');
commit;
